"log (Conc nM)",AYLEAIHNF,AYLEAIHNF,DVAEPYKVY,DVAEPYKVY,QFKDNVILL,QFKDNVILL,QFKANVILL,QFKANVILL,QFKENVILL,QFKENVILL,QFKPNVILL,QFKPNVILL,KFKDNVILL,KFKDNVILL,KFKPNVILL,KFKPNVILL,QFADAVILL,QFADAVILL,QFAPNVILL,QFAPNVILL,KFKDNVILL,KFKDNVILL,KFKPNVILL,KFKPNVILL,VYGFVRACL,VYGFVRACL,VFGFVRACL,VFGFVRACL,VFGDVRACL,VFGDVRACL,RFPLTFGL,RFPLTFGL,RFPDTFGL,RFPDTFGL,RFPHTFGL,RFPHTFGL
2.30102,23.6,35.1,1.4,,6.7,17.7,3.3,0.2,3.3,1.4,25.2,29.2,19.8,17.9,15.7,28.8,8.1,2.1,0.5,-3.7,39.9,37.1,29.8,30.0,9.8,6.7,11.3,13.0,35.9,24.5,19.4,13.8,25.9,20.0,32.0,19.0
2.60205,45.4,47.5,2.4,,22.1,25.4,3.3,-0.5,20.6,9.0,32.3,36.7,26.4,31.8,30.8,38.7,0.0,0.0,-3.2,0.2,48.2,52.3,44.5,46.6,4.7,10.7,5.8,7.2,43.6,43.6,17.1,19.2,29.0,25.4,33.6,29.3
2.90308,63.9,61.4,9.0,,31.0,37.3,-0.7,5.2,20.9,14.0,53.9,57.8,46.8,50.0,55.2,61.2,12.8,10.0,-9.9,-3.2,69.0,68.7,66.1,68.6,16.5,18.7,22.6,24.5,71.0,71.2,25.9,36.1,41.3,36.5,44.5,41.8
3.20411,59.0,73.0,9.2,,45.2,52.9,3.5,13.2,33.7,28.2,72.5,78.0,65.0,68.6,74.1,77.0,26.1,28.5,-5.7,-0.5,82.8,84.6,79.9,82.1,31.2,32.9,40.6,50.2,88.3,89.2,59.8,61.0,49.0,50.7,55.3,51.6
3.50514,84.2,84.4,9.6,,62.9,69.3,13.0,24.8,41.4,49.9,86.2,88.8,80.1,81.7,84.8,86.9,50.1,60.5,7.6,20.6,91.7,92.6,88.8,90.3,41.2,49.6,76.8,80.6,94.6,95.3,80.2,84.6,59.7,57.8,65.3,62.6
3.80617,83.4,90.8,8.3,,73.2,82.5,45.3,50.2,60.4,66.2,92.1,93.1,88.2,89.5,90.8,93.2,67.8,74.9,19.4,37.4,95.7,96.3,93.6,94.2,61.4,67.6,91.7,93.6,96.9,97.0,91.2,94.3,68.3,74.0,72.0,79.0